ECO_NAME,BIOME_NAME,REALM,ECO_BIOME_,NNH,ECO_ID,NNH_NAME,NAME_MAIN,AREA_OF_CITY,BIOME_ID
Aegean and Western Turkey sclerophyllous and mixed forests,"Mediterranean Forests, Woodlands & Scrub",Palearctic,PA12,"4","785",Nature Imperiled,Athens,"42","12"
Aegean and Western Turkey sclerophyllous and mixed forests,"Mediterranean Forests, Woodlands & Scrub",Palearctic,PA12,"4","785",Nature Imperiled,Izmir,"29","12"
Aegean and Western Turkey sclerophyllous and mixed forests,"Mediterranean Forests, Woodlands & Scrub",Palearctic,PA12,"4","785",Nature Imperiled,Istanbul,"52","12"
Alai-Western Tian Shan steppe,"Temperate Grasslands, Savannas & Shrublands",Palearctic,PA08,"4","721",Nature Imperiled,Tashkent,"50","8"
Alps conifer and mixed forests,Temperate Conifer Forests,Palearctic,PA05,"2","689",Nature Could Reach Half Protected,Milan,"16","5"
Amazon-Orinoco-Southern Caribbean mangroves,Mangroves,Neotropic,NO14,"1","611",Half Protected,Belém,"1","14"
Anatolian conifer and deciduous mixed forests,"Mediterranean Forests, Woodlands & Scrub",Palearctic,PA12,"4","786",Nature Imperiled,Izmir,"4","12"
Angolan scarp savanna and woodlands,"Tropical & Subtropical Grasslands, Savannas & Shrublands",Afrotropic,AF07,"4","35",Nature Imperiled,Luanda,"74","7"
Appalachian Piedmont forests,Temperate Broadleaf & Mixed Forests,Nearctic,NE04,"3","330",Nature Could Recover,Washington D.C.,"26","4"
Arabian sand desert,Deserts & Xeric Shrublands,Palearctic,PA13,"2","810",Nature Could Reach Half Protected,Dubai,"61","13"
Araucaria moist forests,Tropical & Subtropical Moist Broadleaf Forests,Neotropic,NO01,"3","440",Nature Could Recover,Curitiba,"49","1"
Atlantic Coast restingas,Tropical & Subtropical Moist Broadleaf Forests,Neotropic,NO01,"3","441",Nature Could Recover,Salvador,"2","1"
Atlantic coastal pine barrens,Temperate Conifer Forests,Nearctic,NE05,"3","347",Nature Could Recover,Philadelphia,"27","5"
Atlantic coastal pine barrens,Temperate Conifer Forests,Nearctic,NE05,"3","347",Nature Could Recover,New York,"123","5"
European Atlantic mixed forests,Temperate Broadleaf & Mixed Forests,Palearctic,PA04,"3","664",Nature Could Recover,Paris,"164","4"
European Atlantic mixed forests,Temperate Broadleaf & Mixed Forests,Palearctic,PA04,"3","664",Nature Could Recover,Dortmund,"125","4"
Bahamian-Antillean mangroves,Mangroves,Neotropic,NO14,"2","612",Nature Could Reach Half Protected,Miami,"3","14"
Bahamian-Antillean mangroves,Mangroves,Neotropic,NO14,"2","612",Nature Could Reach Half Protected,Port-au-Prince,"6","14"
Bahia coastal forests,Tropical & Subtropical Moist Broadleaf Forests,Neotropic,NO01,"3","442",Nature Could Recover,Salvador,"26","1"
Bahia interior forests,Tropical & Subtropical Moist Broadleaf Forests,Neotropic,NO01,"3","443",Nature Could Recover,Belo Horizonte,"41","1"
Bajío dry forests,Tropical & Subtropical Dry Broadleaf Forests,Neotropic,NO02,"4","521",Nature Imperiled,Guadalajara,"51","2"
Balkan mixed forests,Temperate Broadleaf & Mixed Forests,Palearctic,PA04,"3","646",Nature Could Recover,Istanbul,"62","4"
Baltic mixed forests,Temperate Broadleaf & Mixed Forests,Palearctic,PA04,"3","647",Nature Could Recover,Berlin,"8","4"
Baluchistan xeric woodlands,Deserts & Xeric Shrublands,Palearctic,PA13,"4","814",Nature Imperiled,Peshawar,"36","13"
British Columbia coastal conifer forests,Temperate Conifer Forests,Nearctic,NE05,"2","349",Nature Could Reach Half Protected,Vancouver,"1","5"
Caatinga,Tropical & Subtropical Dry Broadleaf Forests,Neotropic,NO02,"4","525",Nature Imperiled,Fortaleza,"39","2"
California coastal sage and chaparral,"Mediterranean Forests, Woodlands & Scrub",Nearctic,NE12,"4","422",Nature Imperiled,Los Angeles,"551","12"
California coastal sage and chaparral,"Mediterranean Forests, Woodlands & Scrub",Nearctic,NE12,"4","422",Nature Imperiled,Tijuana,"169","12"
California interior chaparral and woodlands,"Mediterranean Forests, Woodlands & Scrub",Nearctic,NE12,"3","423",Nature Could Recover,San Jose,"159","12"
California montane chaparral and woodlands,"Mediterranean Forests, Woodlands & Scrub",Nearctic,NE12,"3","424",Nature Could Recover,Los Angeles,"1","12"
Campos Rupestres montane savanna,"Tropical & Subtropical Grasslands, Savannas & Shrublands",Neotropic,NO07,"1","566",Half Protected,Belo Horizonte,"0","7"
Cauca Valley dry forests,Tropical & Subtropical Dry Broadleaf Forests,Neotropic,NO02,"4","526",Nature Imperiled,Cali,"15","2"
Cauca Valley montane forests,Tropical & Subtropical Moist Broadleaf Forests,Neotropic,NO01,"2","448",Nature Could Reach Half Protected,Cali,"2","1"
Celtic broadleaf forests,Temperate Broadleaf & Mixed Forests,Palearctic,PA04,"4","651",Nature Imperiled,Manchester,"67","4"
Celtic broadleaf forests,Temperate Broadleaf & Mixed Forests,Palearctic,PA04,"4","651",Nature Imperiled,Birmingham,"67","4"
Celtic broadleaf forests,Temperate Broadleaf & Mixed Forests,Palearctic,PA04,"4","651",Nature Imperiled,London,"0","4"
Central Afghan Mountains xeric woodlands,Deserts & Xeric Shrublands,Palearctic,PA13,"4","816",Nature Imperiled,Kabul,"32","13"
Central African mangroves,Mangroves,Afrotropic,AF14,"2","111",Nature Could Reach Half Protected,Lagos,"38","14"
Central African mangroves,Mangroves,Afrotropic,AF14,"2","111",Nature Could Reach Half Protected,Douala,"20","14"
Central American montane forests,Tropical & Subtropical Moist Broadleaf Forests,Neotropic,NO01,"3","451",Nature Could Recover,Guatemala City,"1","1"
Central American pine-oak forests,Tropical & Subtropical Coniferous Forests,Neotropic,NO03,"2","553",Nature Could Reach Half Protected,Guatemala City,"40","3"
Central Anatolian steppe and woodlands,Temperate Broadleaf & Mixed Forests,Palearctic,PA04,"4","652",Nature Imperiled,Ankara,"38","4"
Central China Loess Plateau mixed forests,Temperate Broadleaf & Mixed Forests,Palearctic,PA04,"4","653",Nature Imperiled,Taiyuan,"37","4"
Central China Loess Plateau mixed forests,Temperate Broadleaf & Mixed Forests,Palearctic,PA04,"4","653",Nature Imperiled,Beijing,"10","4"
Central China Loess Plateau mixed forests,Temperate Broadleaf & Mixed Forests,Palearctic,PA04,"4","653",Nature Imperiled,Shijiazhuang,"34","4"
Central Deccan Plateau dry deciduous forests,Tropical & Subtropical Dry Broadleaf Forests,Indomalayan,IN02,"4","290",Nature Imperiled,Nagpur,"26","2"
Central Deccan Plateau dry deciduous forests,Tropical & Subtropical Dry Broadleaf Forests,Indomalayan,IN02,"4","290",Nature Imperiled,Hyderabad,"88","2"
Central European mixed forests,Temperate Broadleaf & Mixed Forests,Palearctic,PA04,"3","654",Nature Could Recover,Berlin,"61","4"
Central European mixed forests,Temperate Broadleaf & Mixed Forests,Palearctic,PA04,"3","654",Nature Could Recover,Minsk,"16","4"
Central European mixed forests,Temperate Broadleaf & Mixed Forests,Palearctic,PA04,"3","654",Nature Could Recover,Kyiv,"24","4"
Central US forest-grasslands transition,"Temperate Grasslands, Savannas & Shrublands",Nearctic,NE08,"4","387",Nature Imperiled,Chicago,"379","8"
Central Korean deciduous forests,Temperate Broadleaf & Mixed Forests,Palearctic,PA04,"4","655",Nature Imperiled,Pyongyang,"22","4"
Central Korean deciduous forests,Temperate Broadleaf & Mixed Forests,Palearctic,PA04,"4","655",Nature Imperiled,Seoul,"226","4"
Central Korean deciduous forests,Temperate Broadleaf & Mixed Forests,Palearctic,PA04,"4","655",Nature Imperiled,Daegu,"33","4"
Central Mexican matorral,Deserts & Xeric Shrublands,Nearctic,NE13,"4","427",Nature Imperiled,Mexico City,"161","13"
Central Persian desert basins,Deserts & Xeric Shrublands,Palearctic,PA13,"2","820",Nature Could Reach Half Protected,Tehran,"128","13"
Central Persian desert basins,Deserts & Xeric Shrublands,Palearctic,PA13,"2","820",Nature Could Reach Half Protected,Mashhad,"29","13"
Central Zambezian wet miombo woodlands,"Tropical & Subtropical Grasslands, Savannas & Shrublands",Afrotropic,AF07,"3","39",Nature Could Recover,Lubumbashi,"26","7"
Cerrado,"Tropical & Subtropical Grasslands, Savannas & Shrublands",Neotropic,NO07,"3","567",Nature Could Recover,Belo Horizonte,"18","7"
Changjiang Plain evergreen forests,Temperate Broadleaf & Mixed Forests,Palearctic,PA04,"4","657",Nature Imperiled,Wuhan,"83","4"
Changjiang Plain evergreen forests,Temperate Broadleaf & Mixed Forests,Palearctic,PA04,"4","657",Nature Imperiled,Changsha,"43","4"
Changjiang Plain evergreen forests,Temperate Broadleaf & Mixed Forests,Palearctic,PA04,"4","657",Nature Imperiled,Hefei,"57","4"
Changjiang Plain evergreen forests,Temperate Broadleaf & Mixed Forests,Palearctic,PA04,"4","657",Nature Imperiled,Nanchang,"41","4"
Changjiang Plain evergreen forests,Temperate Broadleaf & Mixed Forests,Palearctic,PA04,"4","657",Nature Imperiled,Nanjing,"63","4"
Changjiang Plain evergreen forests,Temperate Broadleaf & Mixed Forests,Palearctic,PA04,"4","657",Nature Imperiled,Changzhou,"61","4"
Changjiang Plain evergreen forests,Temperate Broadleaf & Mixed Forests,Palearctic,PA04,"4","657",Nature Imperiled,Suzhou,"196","4"
Changjiang Plain evergreen forests,Temperate Broadleaf & Mixed Forests,Palearctic,PA04,"4","657",Nature Imperiled,Hangzhou,"153","4"
Changjiang Plain evergreen forests,Temperate Broadleaf & Mixed Forests,Palearctic,PA04,"4","657",Nature Imperiled,Shanghai,"321","4"
Changjiang Plain evergreen forests,Temperate Broadleaf & Mixed Forests,Palearctic,PA04,"4","657",Nature Imperiled,Ningbo,"54","4"
Chao Phraya freshwater swamp forests,Tropical & Subtropical Moist Broadleaf Forests,Indomalayan,IN01,"4","224",Nature Imperiled,Bangkok,"176","1"
Chhota-Nagpur dry deciduous forests,Tropical & Subtropical Dry Broadleaf Forests,Indomalayan,IN02,"4","292",Nature Imperiled,Dhanbad,"29","2"
Chhota-Nagpur dry deciduous forests,Tropical & Subtropical Dry Broadleaf Forests,Indomalayan,IN02,"4","292",Nature Imperiled,Asansol,"33","2"
Chilean Matorral,"Mediterranean Forests, Woodlands & Scrub",Neotropic,NO12,"3","596",Nature Could Recover,Santiago,"46","12"
Colorado Rockies forests,Temperate Conifer Forests,Nearctic,NE05,"3","353",Nature Could Recover,Denver,"1","5"
Cordillera La Costa montane forests,Tropical & Subtropical Moist Broadleaf Forests,Neotropic,NO01,"1","456",Half Protected,Caracas,"13","1"
Cross-Niger transition forests,Tropical & Subtropical Moist Broadleaf Forests,Afrotropic,AF01,"4","6",Nature Imperiled,Onitsha,"77","1"
Cross-Sanaga-Bioko coastal forests,Tropical & Subtropical Moist Broadleaf Forests,Afrotropic,AF01,"2","7",Nature Could Reach Half Protected,Douala,"0","1"
Cross-Timbers savanna-woodland,"Temperate Grasslands, Savannas & Shrublands",Nearctic,NE08,"4","390",Nature Imperiled,Dallas,"128","8"
Daba Mountains evergreen forests,Temperate Broadleaf & Mixed Forests,Palearctic,PA04,"2","659",Nature Could Reach Half Protected,Chongqing,"49","4"
Deccan thorn scrub forests,Deserts & Xeric Shrublands,Indomalayan,IN13,"4","315",Nature Imperiled,Pune,"10","13"
Deccan thorn scrub forests,Deserts & Xeric Shrublands,Indomalayan,IN13,"4","315",Nature Imperiled,Bengaluru,"15","13"
Drakensberg Escarpment savanna and thicket,"Tropical & Subtropical Grasslands, Savannas & Shrublands",Afrotropic,AF07,"4","40",Nature Imperiled,Durban,"0","7"
East African mangroves,Mangroves,Afrotropic,AF14,"3","112",Nature Could Recover,Dar es Salaam,"0","14"
East Deccan dry-evergreen forests,Tropical & Subtropical Dry Broadleaf Forests,Indomalayan,IN02,"4","293",Nature Imperiled,Chennai,"80","2"
East European forest steppe,Temperate Broadleaf & Mixed Forests,Palearctic,PA04,"4","661",Nature Imperiled,Kyiv,"28","4"
East European forest steppe,Temperate Broadleaf & Mixed Forests,Palearctic,PA04,"4","661",Nature Imperiled,Moscow,"9","4"
Eastern Australian temperate forests,Temperate Broadleaf & Mixed Forests,Australasia,AU04,"4","168",Nature Imperiled,Melbourne,"11","4"
Eastern Australian temperate forests,Temperate Broadleaf & Mixed Forests,Australasia,AU04,"4","168",Nature Imperiled,Sydney,"128","4"
Eastern Great Lakes lowland forests,Temperate Broadleaf & Mixed Forests,Nearctic,NE04,"4","334",Nature Imperiled,Toronto,"1","4"
Eastern Great Lakes lowland forests,Temperate Broadleaf & Mixed Forests,Nearctic,NE04,"4","334",Nature Imperiled,Montreal,"109","4"
Eastern Guinean forests,Tropical & Subtropical Moist Broadleaf Forests,Afrotropic,AF01,"3","11",Nature Could Recover,Abidjan,"43","1"
Eastern Guinean forests,Tropical & Subtropical Moist Broadleaf Forests,Afrotropic,AF01,"3","11",Nature Could Recover,Kumasi,"43","1"
Eastern Guinean forests,Tropical & Subtropical Moist Broadleaf Forests,Afrotropic,AF01,"3","11",Nature Could Recover,Accra,"18","1"
Eastern Himalayan broadleaf forests,Temperate Broadleaf & Mixed Forests,Indomalayan,IN04,"2","306",Nature Could Reach Half Protected,Kathmandu,"27","4"
Eastern Java-Bali montane rain forests,Tropical & Subtropical Moist Broadleaf Forests,Indomalayan,IN01,"2","229",Nature Could Reach Half Protected,Surabaya,"42","1"
Eastern Java-Bali rain forests,Tropical & Subtropical Moist Broadleaf Forests,Indomalayan,IN01,"4","230",Nature Imperiled,Semarang,"41","1"
Eastern Java-Bali rain forests,Tropical & Subtropical Moist Broadleaf Forests,Indomalayan,IN01,"4","230",Nature Imperiled,Yogyakarta,"82","1"
Eastern Java-Bali rain forests,Tropical & Subtropical Moist Broadleaf Forests,Indomalayan,IN01,"4","230",Nature Imperiled,Surabaya,"120","1"
Eastern Mediterranean conifer-broadleaf forests,"Mediterranean Forests, Woodlands & Scrub",Palearctic,PA12,"4","791",Nature Imperiled,Tel Aviv,"48","12"
Eastern Mediterranean conifer-broadleaf forests,"Mediterranean Forests, Woodlands & Scrub",Palearctic,PA12,"4","791",Nature Imperiled,Beirut,"19","12"
Eastern Mediterranean conifer-broadleaf forests,"Mediterranean Forests, Woodlands & Scrub",Palearctic,PA12,"4","791",Nature Imperiled,Amman,"43","12"
Eastern Mediterranean conifer-broadleaf forests,"Mediterranean Forests, Woodlands & Scrub",Palearctic,PA12,"4","791",Nature Imperiled,Aleppo,"29","12"
Elburz Range forest steppe,Temperate Conifer Forests,Palearctic,PA05,"4","695",Nature Imperiled,Tehran,"4","5"
English Lowlands beech forests,Temperate Broadleaf & Mixed Forests,Palearctic,PA04,"3","663",Nature Could Recover,London,"187","4"
Ethiopian montane grasslands and woodlands,Montane Grasslands & Shrublands,Afrotropic,AF10,"4","79",Nature Imperiled,Addis Ababa,"39","10"
Euxine-Colchic broadleaf forests,Temperate Broadleaf & Mixed Forests,Palearctic,PA04,"3","665",Nature Could Recover,Istanbul,"6","4"
Everglades flooded grasslands,Flooded Grasslands & Savannas,Neotropic,NO09,"2","581",Nature Could Reach Half Protected,Miami,"263","9"
Fynbos shrubland,"Mediterranean Forests, Woodlands & Scrub",Afrotropic,AF12,"3","89",Nature Could Recover,Cape Town,"60","12"
Godavari-Krishna mangroves,Deserts & Xeric Shrublands,Indomalayan,IN13,"4","316",Nature Imperiled,Chennai,"11","13"
Greater Negros-Panay rain forests,Tropical & Subtropical Moist Broadleaf Forests,Indomalayan,IN01,"3","231",Nature Could Recover,Cebu City,"30","1"
Guajira-Barranquilla xeric scrub,Deserts & Xeric Shrublands,Neotropic,NO13,"4","602",Nature Imperiled,Maracaibo,"27","13"
Guayaquil flooded grasslands,Flooded Grasslands & Savannas,Neotropic,NO09,"4","582",Nature Imperiled,Guayaquil,"3","9"
Guinean forest-savanna,"Tropical & Subtropical Grasslands, Savannas & Shrublands",Afrotropic,AF07,"4","44",Nature Imperiled,Conakry,"2","7"
Guinean forest-savanna,"Tropical & Subtropical Grasslands, Savannas & Shrublands",Afrotropic,AF07,"4","44",Nature Imperiled,Accra,"65","7"
Guinean forest-savanna,"Tropical & Subtropical Grasslands, Savannas & Shrublands",Afrotropic,AF07,"4","44",Nature Imperiled,Lomé,"31","7"
Guizhou Plateau broadleaf and mixed forests,Tropical & Subtropical Moist Broadleaf Forests,Palearctic,PA01,"3","642",Nature Could Recover,Guiyang,"31","1"
Highveld grasslands,Montane Grasslands & Shrublands,Afrotropic,AF10,"4","81",Nature Imperiled,Johannesburg,"163","10"
Himalayan subtropical pine forests,Tropical & Subtropical Coniferous Forests,Indomalayan,IN03,"3","302",Nature Could Recover,Rawalpindi [Islamabad],"1","3"
Hispaniolan dry forests,Tropical & Subtropical Dry Broadleaf Forests,Neotropic,NO02,"3","532",Nature Could Recover,Port-au-Prince,"15","2"
Hispaniolan moist forests,Tropical & Subtropical Moist Broadleaf Forests,Neotropic,NO01,"3","468",Nature Could Recover,Port-au-Prince,"3","1"
Hispaniolan moist forests,Tropical & Subtropical Moist Broadleaf Forests,Neotropic,NO01,"3","468",Nature Could Recover,Santo Domingo,"48","1"
Hispaniolan pine forests,Tropical & Subtropical Coniferous Forests,Neotropic,NO03,"2","555",Nature Could Reach Half Protected,Port-au-Prince,"2","3"
Huang He Plain mixed forests,Temperate Broadleaf & Mixed Forests,Palearctic,PA04,"4","667",Nature Imperiled,Xi'an,"64","4"
Huang He Plain mixed forests,Temperate Broadleaf & Mixed Forests,Palearctic,PA04,"4","667",Nature Imperiled,Beijing,"203","4"
Huang He Plain mixed forests,Temperate Broadleaf & Mixed Forests,Palearctic,PA04,"4","667",Nature Imperiled,Shijiazhuang,"24","4"
Huang He Plain mixed forests,Temperate Broadleaf & Mixed Forests,Palearctic,PA04,"4","667",Nature Imperiled,Tianjin,"72","4"
Huang He Plain mixed forests,Temperate Broadleaf & Mixed Forests,Palearctic,PA04,"4","667",Nature Imperiled,Zhengzhou,"60","4"
Huang He Plain mixed forests,Temperate Broadleaf & Mixed Forests,Palearctic,PA04,"4","667",Nature Imperiled,Jinan,"55","4"
Huang He Plain mixed forests,Temperate Broadleaf & Mixed Forests,Palearctic,PA04,"4","667",Nature Imperiled,Qingdao,"59","4"
Humid Pampas,"Temperate Grasslands, Savannas & Shrublands",Neotropic,NO08,"4","576",Nature Imperiled,Buenos Aires,"193","8"
Iberian sclerophyllous and semi-deciduous forests,"Mediterranean Forests, Woodlands & Scrub",Palearctic,PA12,"3","793",Nature Could Recover,Madrid,"78","12"
Indochina mangroves,Mangroves,Indomalayan,IN14,"4","319",Nature Imperiled,Bangkok,"81","14"
Indochina mangroves,Mangroves,Indomalayan,IN14,"4","319",Nature Imperiled,Ho Chi Minh City,"29","14"
Indus River Delta-Arabian Sea mangroves,Mangroves,Indomalayan,IN14,"3","320",Nature Could Recover,Dubai,"0","14"
Indus River Delta-Arabian Sea mangroves,Mangroves,Indomalayan,IN14,"3","320",Nature Could Recover,Karachi,"53","14"
Indus River Delta-Arabian Sea mangroves,Mangroves,Indomalayan,IN14,"3","320",Nature Could Recover,Surat,"16","14"
Irrawaddy freshwater swamp forests,Tropical & Subtropical Moist Broadleaf Forests,Indomalayan,IN01,"4","234",Nature Imperiled,Yangon,"32","1"
Italian sclerophyllous and semi-deciduous forests,"Mediterranean Forests, Woodlands & Scrub",Palearctic,PA12,"4","795",Nature Imperiled,Rome,"48","12"
Italian sclerophyllous and semi-deciduous forests,"Mediterranean Forests, Woodlands & Scrub",Palearctic,PA12,"4","795",Nature Imperiled,Naples,"1","12"
Japurá-Solimões-Negro moist forests,Tropical & Subtropical Moist Broadleaf Forests,Neotropic,NO01,"1","473",Half Protected,Manaus,"17","1"
Jian Nan subtropical evergreen forests,Tropical & Subtropical Moist Broadleaf Forests,Indomalayan,IN01,"3","236",Nature Could Recover,Guangzhou,"2","1"
Jian Nan subtropical evergreen forests,Tropical & Subtropical Moist Broadleaf Forests,Indomalayan,IN01,"3","236",Nature Could Recover,Hangzhou,"1","1"
Jian Nan subtropical evergreen forests,Tropical & Subtropical Moist Broadleaf Forests,Indomalayan,IN01,"3","236",Nature Could Recover,Xiamen,"40","1"
Jian Nan subtropical evergreen forests,Tropical & Subtropical Moist Broadleaf Forests,Indomalayan,IN01,"3","236",Nature Could Recover,Fuzhou,"29","1"
Jian Nan subtropical evergreen forests,Tropical & Subtropical Moist Broadleaf Forests,Indomalayan,IN01,"3","236",Nature Could Recover,Quanzhou,"97","1"
Jian Nan subtropical evergreen forests,Tropical & Subtropical Moist Broadleaf Forests,Indomalayan,IN01,"3","236",Nature Could Recover,Wenzhou,"59","1"
Junggar Basin semi-desert,Deserts & Xeric Shrublands,Palearctic,PA13,"3","827",Nature Could Recover,Ürümqi,"32","13"
Khathiar-Gir dry deciduous forests,Tropical & Subtropical Dry Broadleaf Forests,Indomalayan,IN02,"4","295",Nature Imperiled,Ahmedabad,"32","2"
Khathiar-Gir dry deciduous forests,Tropical & Subtropical Dry Broadleaf Forests,Indomalayan,IN02,"4","295",Nature Imperiled,Surat,"6","2"
Khathiar-Gir dry deciduous forests,Tropical & Subtropical Dry Broadleaf Forests,Indomalayan,IN02,"4","295",Nature Imperiled,Vadodara,"23","2"
Khathiar-Gir dry deciduous forests,Tropical & Subtropical Dry Broadleaf Forests,Indomalayan,IN02,"4","295",Nature Imperiled,Jaipur,"34","2"
Khathiar-Gir dry deciduous forests,Tropical & Subtropical Dry Broadleaf Forests,Indomalayan,IN02,"4","295",Nature Imperiled,Indore,"28","2"
Khathiar-Gir dry deciduous forests,Tropical & Subtropical Dry Broadleaf Forests,Indomalayan,IN02,"4","295",Nature Imperiled,Bhopal,"6","2"
Kwazulu Natal-Cape coastal forests,Tropical & Subtropical Moist Broadleaf Forests,Afrotropic,AF01,"4","16",Nature Imperiled,Durban,"54","1"
La Costa xeric shrublands,Deserts & Xeric Shrublands,Neotropic,NO13,"4","603",Nature Imperiled,Caracas,"19","13"
Lower Gangetic Plains moist deciduous forests,Tropical & Subtropical Moist Broadleaf Forests,Indomalayan,IN01,"4","238",Nature Imperiled,Patna,"16","1"
Lower Gangetic Plains moist deciduous forests,Tropical & Subtropical Moist Broadleaf Forests,Indomalayan,IN01,"4","238",Nature Imperiled,Kolkata,"198","1"
Lower Gangetic Plains moist deciduous forests,Tropical & Subtropical Moist Broadleaf Forests,Indomalayan,IN01,"4","238",Nature Imperiled,Dhaka,"324","1"
Lower Gangetic Plains moist deciduous forests,Tropical & Subtropical Moist Broadleaf Forests,Indomalayan,IN01,"4","238",Nature Imperiled,Comilla,"277","1"
Lower Gangetic Plains moist deciduous forests,Tropical & Subtropical Moist Broadleaf Forests,Indomalayan,IN01,"4","238",Nature Imperiled,Noakhali,"69","1"
Lower Gangetic Plains moist deciduous forests,Tropical & Subtropical Moist Broadleaf Forests,Indomalayan,IN01,"4","238",Nature Imperiled,Chattogram,"76","1"
Luzon rain forests,Tropical & Subtropical Moist Broadleaf Forests,Indomalayan,IN01,"3","241",Nature Could Recover,Quezon City [Manila],"197","1"
Madagascar subhumid forests,Tropical & Subtropical Moist Broadleaf Forests,Afrotropic,AF01,"4","18",Nature Imperiled,Antananarivo,"26","1"
Magdalena Valley montane forests,Tropical & Subtropical Moist Broadleaf Forests,Neotropic,NO01,"2","477",Nature Could Reach Half Protected,Medellín,"23","1"
Magdalena Valley montane forests,Tropical & Subtropical Moist Broadleaf Forests,Neotropic,NO01,"2","477",Nature Could Reach Half Protected,Bogota,"53","1"
Malabar Coast moist forests,Tropical & Subtropical Moist Broadleaf Forests,Indomalayan,IN01,"4","242",Nature Imperiled,Mumbai,"73","1"
Malabar Coast moist forests,Tropical & Subtropical Moist Broadleaf Forests,Indomalayan,IN01,"4","242",Nature Imperiled,Kozhikode,"45","1"
Malabar Coast moist forests,Tropical & Subtropical Moist Broadleaf Forests,Indomalayan,IN01,"4","242",Nature Imperiled,Kochi,"70","1"
Manchurian mixed forests,Temperate Broadleaf & Mixed Forests,Palearctic,PA04,"3","669",Nature Could Recover,Pyongyang,"3","4"
Maputaland coastal forests and woodlands,Tropical & Subtropical Moist Broadleaf Forests,Afrotropic,AF01,"4","19",Nature Imperiled,Maputo,"40","1"
Mediterranean dry woodlands and steppe,"Mediterranean Forests, Woodlands & Scrub",Palearctic,PA12,"3","797",Nature Could Recover,Alexandria,"54","12"
Mediterranean woodlands and forests,"Mediterranean Forests, Woodlands & Scrub",Palearctic,PA12,"4","798",Nature Imperiled,Casablanca,"39","12"
Mediterranean woodlands and forests,"Mediterranean Forests, Woodlands & Scrub",Palearctic,PA12,"4","798",Nature Imperiled,Algiers,"67","12"
Mediterranean woodlands and forests,"Mediterranean Forests, Woodlands & Scrub",Palearctic,PA12,"4","798",Nature Imperiled,Tunis,"41","12"
Mesopotamian shrub desert,Deserts & Xeric Shrublands,Palearctic,PA13,"3","830",Nature Could Recover,Damascus,"22","13"
Mid-Atlantic US coastal savannas,"Temperate Grasslands, Savannas & Shrublands",Nearctic,NE08,"4","393",Nature Imperiled,Philadelphia,"68","8"
Mojave desert,Deserts & Xeric Shrublands,Nearctic,NE13,"2","433",Nature Could Reach Half Protected,Las Vegas,"88","13"
Myanmar Coast mangroves,Mangroves,Indomalayan,IN14,"2","321",Nature Could Reach Half Protected,Yangon,"19","14"
Myanmar coastal rain forests,Tropical & Subtropical Moist Broadleaf Forests,Indomalayan,IN01,"3","250",Nature Could Recover,Yangon,"0","1"
Narmada Valley dry deciduous forests,Tropical & Subtropical Dry Broadleaf Forests,Indomalayan,IN02,"4","296",Nature Imperiled,Pune,"53","2"
Narmada Valley dry deciduous forests,Tropical & Subtropical Dry Broadleaf Forests,Indomalayan,IN02,"4","296",Nature Imperiled,Bhopal,"15","2"
New England-Acadian forests,Temperate Broadleaf & Mixed Forests,Nearctic,NE04,"4","338",Nature Imperiled,New York,"2","4"
Nigerian lowland forests,Tropical & Subtropical Moist Broadleaf Forests,Afrotropic,AF01,"4","23",Nature Imperiled,Lagos,"81","1"
Nigerian lowland forests,Tropical & Subtropical Moist Broadleaf Forests,Afrotropic,AF01,"4","23",Nature Imperiled,Ibadan,"48","1"
Nigerian lowland forests,Tropical & Subtropical Moist Broadleaf Forests,Afrotropic,AF01,"4","23",Nature Imperiled,Onitsha,"0","1"
Nile Delta flooded savanna,Flooded Grasslands & Savannas,Palearctic,PA09,"4","744",Nature Imperiled,Cairo,"138","9"
North Arabian desert,Deserts & Xeric Shrublands,Palearctic,PA13,"2","831",Nature Could Reach Half Protected,Baghdad,"79","13"
North Saharan Xeric Steppe and Woodland,Deserts & Xeric Shrublands,Palearctic,PA13,"2","833",Nature Could Reach Half Protected,Cairo,"28","13"
North Western Ghats moist deciduous forests,Tropical & Subtropical Moist Broadleaf Forests,Indomalayan,IN01,"4","253",Nature Imperiled,Mumbai,"23","1"
North Western Ghats montane rain forests,Tropical & Subtropical Moist Broadleaf Forests,Indomalayan,IN01,"3","254",Nature Could Recover,Mumbai,"1","1"
Northeast China Plain deciduous forests,Temperate Broadleaf & Mixed Forests,Palearctic,PA04,"4","673",Nature Imperiled,Harbin,"46","4"
Northeast China Plain deciduous forests,Temperate Broadleaf & Mixed Forests,Palearctic,PA04,"4","673",Nature Imperiled,Changchun,"41","4"
Northeast China Plain deciduous forests,Temperate Broadleaf & Mixed Forests,Palearctic,PA04,"4","673",Nature Imperiled,Shenyang,"55","4"
Northeast China Plain deciduous forests,Temperate Broadleaf & Mixed Forests,Palearctic,PA04,"4","673",Nature Imperiled,Dalian,"50","4"
Northeast Spain and Southern France Mediterranean forests,"Mediterranean Forests, Woodlands & Scrub",Palearctic,PA12,"3","799",Nature Could Recover,Barcelona,"56","12"
Northeast US Coastal forests,Temperate Broadleaf & Mixed Forests,Nearctic,NE04,"4","339",Nature Imperiled,Washington D.C.,"73","4"
Northeast US Coastal forests,Temperate Broadleaf & Mixed Forests,Nearctic,NE04,"4","339",Nature Imperiled,Philadelphia,"58","4"
Northeast US Coastal forests,Temperate Broadleaf & Mixed Forests,Nearctic,NE04,"4","339",Nature Imperiled,New York,"382","4"
Northeast US Coastal forests,Temperate Broadleaf & Mixed Forests,Nearctic,NE04,"4","339",Nature Imperiled,Boston,"83","4"
Northern Acacia-Commiphora bushlands and thickets,"Tropical & Subtropical Grasslands, Savannas & Shrublands",Afrotropic,AF07,"3","51",Nature Could Recover,Nairobi,"6","7"
Northern Andean páramo,Montane Grasslands & Shrublands,Neotropic,NO10,"1","593",Half Protected,Bogota,"0","10"
Northern California coastal forests,Temperate Conifer Forests,Nearctic,NE05,"4","359",Nature Imperiled,San Jose,"0","5"
Northern Swahili coastal forests,Tropical & Subtropical Moist Broadleaf Forests,Afrotropic,AF01,"4","25",Nature Imperiled,Dar es Salaam,"62","1"
Northwest Andean montane forests,Tropical & Subtropical Moist Broadleaf Forests,Neotropic,NO01,"2","486",Nature Could Reach Half Protected,Quito,"33","1"
Northwest Congolian lowland forests,Tropical & Subtropical Moist Broadleaf Forests,Afrotropic,AF01,"2","26",Nature Could Reach Half Protected,Yaounde,"25","1"
Aravalli west thorn scrub forests,Deserts & Xeric Shrublands,Indomalayan,IN13,"4","314",Nature Imperiled,Karachi,"20","13"
Aravalli west thorn scrub forests,Deserts & Xeric Shrublands,Indomalayan,IN13,"4","314",Nature Imperiled,Multan,"34","13"
Aravalli west thorn scrub forests,Deserts & Xeric Shrublands,Indomalayan,IN13,"4","314",Nature Imperiled,Faisalabad,"40","13"
Aravalli west thorn scrub forests,Deserts & Xeric Shrublands,Indomalayan,IN13,"4","314",Nature Imperiled,Gujranwala,"26","13"
Aravalli west thorn scrub forests,Deserts & Xeric Shrublands,Indomalayan,IN13,"4","314",Nature Imperiled,Lahore,"95","13"
Aravalli west thorn scrub forests,Deserts & Xeric Shrublands,Indomalayan,IN13,"4","314",Nature Imperiled,Ahmedabad,"4","13"
Aravalli west thorn scrub forests,Deserts & Xeric Shrublands,Indomalayan,IN13,"4","314",Nature Imperiled,Chandigarh,"28","13"
Aravalli west thorn scrub forests,Deserts & Xeric Shrublands,Indomalayan,IN13,"4","314",Nature Imperiled,Delhi [New Delhi],"106","13"
Peninsular Malaysian peat swamp forests,Tropical & Subtropical Moist Broadleaf Forests,Indomalayan,IN01,"2","264",Nature Could Reach Half Protected,Kuala Lumpur,"0","1"
Peninsular Malaysian rain forests,Tropical & Subtropical Moist Broadleaf Forests,Indomalayan,IN01,"2","265",Nature Could Reach Half Protected,Kuala Lumpur,"132","1"
Peninsular Malaysian rain forests,Tropical & Subtropical Moist Broadleaf Forests,Indomalayan,IN01,"2","265",Nature Could Reach Half Protected,Singapore,"77","1"
Pernambuco coastal forests,Tropical & Subtropical Moist Broadleaf Forests,Neotropic,NO01,"3","491",Nature Could Recover,Recife,"8","1"
Piney Woods,Temperate Conifer Forests,Nearctic,NE05,"3","363",Nature Could Recover,Houston,"15","5"
Po Basin mixed forests,Temperate Broadleaf & Mixed Forests,Palearctic,PA04,"4","675",Nature Imperiled,Milan,"60","4"
Puget lowland forests,Temperate Conifer Forests,Nearctic,NE05,"4","364",Nature Imperiled,Seattle,"182","5"
Puget lowland forests,Temperate Conifer Forests,Nearctic,NE05,"4","364",Nature Imperiled,Vancouver,"57","5"
Red River freshwater swamp forests,Tropical & Subtropical Moist Broadleaf Forests,Indomalayan,IN01,"4","266",Nature Imperiled,Hanoi,"89","1"
Red Sea-Arabian Desert shrublands,Deserts & Xeric Shrublands,Palearctic,PA13,"2","837",Nature Could Reach Half Protected,Jeddah,"44","13"
Renosterveld shrubland,"Mediterranean Forests, Woodlands & Scrub",Afrotropic,AF12,"3","90",Nature Could Recover,Cape Town,"7","12"
Sahelian Acacia savanna,"Tropical & Subtropical Grasslands, Savannas & Shrublands",Afrotropic,AF07,"3","53",Nature Could Recover,Khartoum,"75","7"
Sarmatic mixed forests,Temperate Broadleaf & Mixed Forests,Palearctic,PA04,"3","679",Nature Could Recover,Saint Petersburg,"24","4"
Sarmatic mixed forests,Temperate Broadleaf & Mixed Forests,Palearctic,PA04,"3","679",Nature Could Recover,Minsk,"11","4"
Sarmatic mixed forests,Temperate Broadleaf & Mixed Forests,Palearctic,PA04,"3","679",Nature Could Recover,Moscow,"180","4"
Scandinavian and Russian taiga,Boreal Forests/Taiga,Palearctic,PA06,"3","717",Nature Could Recover,Saint Petersburg,"25","6"
Sechura desert,Deserts & Xeric Shrublands,Neotropic,NO13,"3","608",Nature Could Recover,Lima,"86","13"
Serra do Mar coastal forests,Tropical & Subtropical Moist Broadleaf Forests,Neotropic,NO01,"2","500",Nature Could Reach Half Protected,São Paulo,"200","1"
Serra do Mar coastal forests,Tropical & Subtropical Moist Broadleaf Forests,Neotropic,NO01,"2","500",Nature Could Reach Half Protected,Rio de Janeiro,"123","1"
Sichuan Basin evergreen broadleaf forests,Temperate Broadleaf & Mixed Forests,Palearctic,PA04,"4","680",Nature Imperiled,Chengdu,"132","4"
Sierra Madre Oriental pine-oak forests,Tropical & Subtropical Coniferous Forests,Nearctic,NE03,"3","327",Nature Could Recover,Monterrey,"3","3"
Sinaloan dry forests,Tropical & Subtropical Dry Broadleaf Forests,Neotropic,NO02,"3","545",Nature Could Recover,Guadalajara,"5","2"
Sonoran desert,Deserts & Xeric Shrublands,Nearctic,NE13,"2","435",Nature Could Reach Half Protected,Phoenix,"232","13"
South American Pacific mangroves,Mangroves,Neotropic,NO14,"2","615",Nature Could Reach Half Protected,Guayaquil,"0","14"
South China-Vietnam subtropical evergreen forests,Tropical & Subtropical Moist Broadleaf Forests,Indomalayan,IN01,"4","268",Nature Imperiled,Hanoi,"19","1"
South China-Vietnam subtropical evergreen forests,Tropical & Subtropical Moist Broadleaf Forests,Indomalayan,IN01,"4","268",Nature Imperiled,Nanning,"26","1"
South China-Vietnam subtropical evergreen forests,Tropical & Subtropical Moist Broadleaf Forests,Indomalayan,IN01,"4","268",Nature Imperiled,Guangzhou,"631","1"
South China-Vietnam subtropical evergreen forests,Tropical & Subtropical Moist Broadleaf Forests,Indomalayan,IN01,"4","268",Nature Imperiled,Hong Kong,"25","1"
South China-Vietnam subtropical evergreen forests,Tropical & Subtropical Moist Broadleaf Forests,Indomalayan,IN01,"4","268",Nature Imperiled,Jieyang,"238","1"
South Deccan Plateau dry deciduous forests,Tropical & Subtropical Dry Broadleaf Forests,Indomalayan,IN02,"4","298",Nature Imperiled,Coimbatore,"6","2"
South Deccan Plateau dry deciduous forests,Tropical & Subtropical Dry Broadleaf Forests,Indomalayan,IN02,"4","298",Nature Imperiled,Bengaluru,"49","2"
South Taiwan monsoon rain forests,Tropical & Subtropical Moist Broadleaf Forests,Indomalayan,IN01,"2","269",Nature Could Reach Half Protected,Kaohsiung,"9","1"
South Western Ghats moist deciduous forests,Tropical & Subtropical Moist Broadleaf Forests,Indomalayan,IN01,"3","270",Nature Could Recover,Kochi,"2","1"
South Western Ghats moist deciduous forests,Tropical & Subtropical Moist Broadleaf Forests,Indomalayan,IN01,"3","270",Nature Could Recover,Coimbatore,"30","1"
Southeast Australia temperate forests,Temperate Broadleaf & Mixed Forests,Australasia,AU04,"4","176",Nature Imperiled,Melbourne,"144","4"
Southeast Tibet shrublands and meadows,Montane Grasslands & Shrublands,Palearctic,PA10,"3","765",Nature Could Recover,Lanzhou,"25","10"
Southeast US conifer savannas,"Temperate Grasslands, Savannas & Shrublands",Nearctic,NE08,"4","399",Nature Imperiled,Miami,"19","8"
Southeast US conifer savannas,"Temperate Grasslands, Savannas & Shrublands",Nearctic,NE08,"4","399",Nature Imperiled,Washington D.C.,"58","8"
Southeast US conifer savannas,"Temperate Grasslands, Savannas & Shrublands",Nearctic,NE08,"4","399",Nature Imperiled,Philadelphia,"2","8"
Southeast Indochina dry evergreen forests,Tropical & Subtropical Dry Broadleaf Forests,Indomalayan,IN02,"3","299",Nature Could Recover,Ho Chi Minh City,"118","2"
Southern Acacia-Commiphora bushlands and thickets,"Tropical & Subtropical Grasslands, Savannas & Shrublands",Afrotropic,AF07,"3","57",Nature Could Recover,Nairobi,"10","7"
Southern Africa mangroves,Mangroves,Afrotropic,AF14,"3","116",Nature Could Recover,Durban,"18","14"
Southern Atlantic Brazilian mangroves,Mangroves,Neotropic,NO14,"2","616",Nature Could Reach Half Protected,Rio de Janeiro,"7","14"
Southern Atlantic Brazilian mangroves,Mangroves,Neotropic,NO14,"2","616",Nature Could Reach Half Protected,Recife,"39","14"
Southern Congolian forest-savanna,"Tropical & Subtropical Grasslands, Savannas & Shrublands",Afrotropic,AF07,"4","58",Nature Imperiled,Mbuji-Mayi,"13","7"
Southern Great Lakes forests,Temperate Broadleaf & Mixed Forests,Nearctic,NE04,"4","342",Nature Imperiled,Chicago,"0","4"
Southern Great Lakes forests,Temperate Broadleaf & Mixed Forests,Nearctic,NE04,"4","342",Nature Imperiled,Detroit,"258","4"
Southern Great Lakes forests,Temperate Broadleaf & Mixed Forests,Nearctic,NE04,"4","342",Nature Imperiled,Toronto,"188","4"
Southern Korea evergreen forests,Temperate Broadleaf & Mixed Forests,Palearctic,PA04,"4","681",Nature Imperiled,Busan,"40","4"
Southwest Arabian highland xeric scrub,Deserts & Xeric Shrublands,Afrotropic,AF13,"4","109",Nature Imperiled,Sana'a,"20","13"
Sri Lanka dry-zone dry evergreen forests,Tropical & Subtropical Dry Broadleaf Forests,Indomalayan,IN02,"2","301",Nature Could Reach Half Protected,Colombo,"19","2"
Sri Lanka lowland rain forests,Tropical & Subtropical Moist Broadleaf Forests,Indomalayan,IN01,"2","274",Nature Could Reach Half Protected,Colombo,"96","1"
Sumatran freshwater swamp forests,Tropical & Subtropical Moist Broadleaf Forests,Indomalayan,IN01,"3","277",Nature Could Recover,Medan,"3","1"
Sumatran lowland rain forests,Tropical & Subtropical Moist Broadleaf Forests,Indomalayan,IN01,"2","278",Nature Could Reach Half Protected,Medan,"70","1"
Sunda Shelf mangroves,Mangroves,Indomalayan,IN14,"2","322",Nature Could Reach Half Protected,Medan,"2","14"
Sundarbans freshwater swamp forests,Tropical & Subtropical Moist Broadleaf Forests,Indomalayan,IN01,"4","282",Nature Imperiled,Kolkata,"82","1"
Sundarbans mangroves,Mangroves,Indomalayan,IN14,"3","323",Nature Could Recover,Dhaka,"0","14"
Sundarbans mangroves,Mangroves,Indomalayan,IN14,"3","323",Nature Could Recover,Comilla,"0","14"
Syrian xeric grasslands and shrublands,"Temperate Grasslands, Savannas & Shrublands",Palearctic,PA08,"4","739",Nature Imperiled,Damascus,"11","8"
Syrian xeric grasslands and shrublands,"Temperate Grasslands, Savannas & Shrublands",Palearctic,PA08,"4","739",Nature Imperiled,Amman,"12","8"
Taiheiyo evergreen forests,Temperate Broadleaf & Mixed Forests,Palearctic,PA04,"2","682",Nature Could Reach Half Protected,Fukuoka,"44","4"
Taiheiyo evergreen forests,Temperate Broadleaf & Mixed Forests,Palearctic,PA04,"2","682",Nature Could Reach Half Protected,Osaka [Kyoto],"290","4"
Taiheiyo evergreen forests,Temperate Broadleaf & Mixed Forests,Palearctic,PA04,"2","682",Nature Could Reach Half Protected,Nagoya,"251","4"
Taiheiyo evergreen forests,Temperate Broadleaf & Mixed Forests,Palearctic,PA04,"2","682",Nature Could Reach Half Protected,Tokyo,"512","4"
Taiheiyo montane deciduous forests,Temperate Broadleaf & Mixed Forests,Palearctic,PA04,"2","683",Nature Could Reach Half Protected,Tokyo,"0","4"
Taiwan subtropical evergreen forests,Tropical & Subtropical Moist Broadleaf Forests,Indomalayan,IN01,"2","283",Nature Could Reach Half Protected,Taichung,"33","1"
Taiwan subtropical evergreen forests,Tropical & Subtropical Moist Broadleaf Forests,Indomalayan,IN01,"2","283",Nature Could Reach Half Protected,New Taipei [Taipei],"98","1"
Taiwan subtropical evergreen forests,Tropical & Subtropical Moist Broadleaf Forests,Indomalayan,IN01,"2","283",Nature Could Reach Half Protected,Kaohsiung,"34","1"
Tamaulipan matorral,Deserts & Xeric Shrublands,Nearctic,NE13,"4","436",Nature Imperiled,Monterrey,"55","13"
Tamaulipan mezquital,Deserts & Xeric Shrublands,Nearctic,NE13,"3","437",Nature Could Recover,Monterrey,"9","13"
Texas blackland prairies,"Temperate Grasslands, Savannas & Shrublands",Nearctic,NE08,"4","401",Nature Imperiled,Dallas,"247","8"
Trans-Mexican Volcanic Belt pine-oak forests,Tropical & Subtropical Coniferous Forests,Neotropic,NO03,"3","559",Nature Could Recover,Guadalajara,"3","3"
Trans-Mexican Volcanic Belt pine-oak forests,Tropical & Subtropical Coniferous Forests,Neotropic,NO03,"3","559",Nature Could Recover,Mexico City,"47","3"
Trans-Mexican Volcanic Belt pine-oak forests,Tropical & Subtropical Coniferous Forests,Neotropic,NO03,"3","559",Nature Could Recover,Puebla,"50","3"
Tyrrhenian-Adriatic sclerophyllous and mixed forests,"Mediterranean Forests, Woodlands & Scrub",Palearctic,PA12,"3","806",Nature Could Recover,Naples,"89","12"
Uatumã-Trombetas moist forests,Tropical & Subtropical Moist Broadleaf Forests,Neotropic,NO01,"2","511",Nature Could Reach Half Protected,Manaus,"9","1"
Upper Gangetic Plains moist deciduous forests,Tropical & Subtropical Moist Broadleaf Forests,Indomalayan,IN01,"4","287",Nature Imperiled,Delhi [New Delhi],"143","1"
Upper Gangetic Plains moist deciduous forests,Tropical & Subtropical Moist Broadleaf Forests,Indomalayan,IN01,"4","287",Nature Imperiled,Meerut,"24","1"
Upper Gangetic Plains moist deciduous forests,Tropical & Subtropical Moist Broadleaf Forests,Indomalayan,IN01,"4","287",Nature Imperiled,Agra,"21","1"
Upper Gangetic Plains moist deciduous forests,Tropical & Subtropical Moist Broadleaf Forests,Indomalayan,IN01,"4","287",Nature Imperiled,Kanpur,"24","1"
Upper Gangetic Plains moist deciduous forests,Tropical & Subtropical Moist Broadleaf Forests,Indomalayan,IN01,"4","287",Nature Imperiled,Lucknow,"37","1"
Upper Gangetic Plains moist deciduous forests,Tropical & Subtropical Moist Broadleaf Forests,Indomalayan,IN01,"4","287",Nature Imperiled,Prayagraj,"15","1"
Upper Gangetic Plains moist deciduous forests,Tropical & Subtropical Moist Broadleaf Forests,Indomalayan,IN01,"4","287",Nature Imperiled,Gorakhpur,"17","1"
Upper Gangetic Plains moist deciduous forests,Tropical & Subtropical Moist Broadleaf Forests,Indomalayan,IN01,"4","287",Nature Imperiled,Varanasi,"48","1"
Valdivian temperate forests,Temperate Broadleaf & Mixed Forests,Neotropic,NO04,"2","563",Nature Could Reach Half Protected,Santiago,"25","4"
West Sudanian savanna,"Tropical & Subtropical Grasslands, Savannas & Shrublands",Afrotropic,AF07,"4","62",Nature Imperiled,Dakar,"25","7"
West Sudanian savanna,"Tropical & Subtropical Grasslands, Savannas & Shrublands",Afrotropic,AF07,"4","62",Nature Imperiled,Bamako,"33","7"
West Sudanian savanna,"Tropical & Subtropical Grasslands, Savannas & Shrublands",Afrotropic,AF07,"4","62",Nature Imperiled,Ouagadougou,"35","7"
West Sudanian savanna,"Tropical & Subtropical Grasslands, Savannas & Shrublands",Afrotropic,AF07,"4","62",Nature Imperiled,Kano,"39","7"
Western Ecuador moist forests,Tropical & Subtropical Moist Broadleaf Forests,Neotropic,NO01,"2","516",Nature Could Reach Half Protected,Guayaquil,"27","1"
Western European broadleaf forests,Temperate Broadleaf & Mixed Forests,Palearctic,PA04,"3","686",Nature Could Recover,Dortmund,"7","4"
Western Guinean lowland forests,Tropical & Subtropical Moist Broadleaf Forests,Afrotropic,AF01,"4","30",Nature Imperiled,Conakry,"27","1"
Western Gulf coastal grasslands,"Tropical & Subtropical Grasslands, Savannas & Shrublands",Nearctic,NE07,"4","384",Nature Imperiled,Houston,"328","7"
Western Himalayan subalpine conifer forests,Temperate Conifer Forests,Indomalayan,IN05,"4","310",Nature Imperiled,Rawalpindi [Islamabad],"38","5"
Western Java montane rain forests,Tropical & Subtropical Moist Broadleaf Forests,Indomalayan,IN01,"2","288",Nature Could Reach Half Protected,Jakarta,"94","1"
Western Java montane rain forests,Tropical & Subtropical Moist Broadleaf Forests,Indomalayan,IN01,"2","288",Nature Could Reach Half Protected,Bandung,"101","1"
Western Java montane rain forests,Tropical & Subtropical Moist Broadleaf Forests,Indomalayan,IN01,"2","288",Nature Could Reach Half Protected,Tasikmalaya,"34","1"
Western Java montane rain forests,Tropical & Subtropical Moist Broadleaf Forests,Indomalayan,IN01,"2","288",Nature Could Reach Half Protected,Semarang,"6","1"
Western Java montane rain forests,Tropical & Subtropical Moist Broadleaf Forests,Indomalayan,IN01,"2","288",Nature Could Reach Half Protected,Yogyakarta,"6","1"
Western Java rain forests,Tropical & Subtropical Moist Broadleaf Forests,Indomalayan,IN01,"3","289",Nature Could Recover,Jakarta,"404","1"
Western Java rain forests,Tropical & Subtropical Moist Broadleaf Forests,Indomalayan,IN01,"3","289",Nature Could Recover,Tasikmalaya,"18","1"
Western Java rain forests,Tropical & Subtropical Moist Broadleaf Forests,Indomalayan,IN01,"3","289",Nature Could Recover,Tegal,"62","1"
Western Java rain forests,Tropical & Subtropical Moist Broadleaf Forests,Indomalayan,IN01,"3","289",Nature Could Recover,Semarang,"26","1"
Western Java rain forests,Tropical & Subtropical Moist Broadleaf Forests,Indomalayan,IN01,"3","289",Nature Could Recover,Yogyakarta,"67","1"
Western shortgrass prairie,"Temperate Grasslands, Savannas & Shrublands",Nearctic,NE08,"2","402",Nature Could Reach Half Protected,Denver,"135","8"
Yunnan Plateau subtropical evergreen forests,Tropical & Subtropical Moist Broadleaf Forests,Palearctic,PA01,"4","643",Nature Imperiled,Kunming,"36","1"
Zagros Mountains forest steppe,Temperate Broadleaf & Mixed Forests,Palearctic,PA04,"4","688",Nature Imperiled,Tehran,"6","4"
Zagros Mountains forest steppe,Temperate Broadleaf & Mixed Forests,Palearctic,PA04,"4","688",Nature Imperiled,Isfahan,"36","4"
Zambezian-Limpopo mixed woodlands,"Tropical & Subtropical Grasslands, Savannas & Shrublands",Afrotropic,AF07,"3","66",Nature Could Recover,Lusaka,"8","7"
Dry miombo woodlands,"Tropical & Subtropical Grasslands, Savannas & Shrublands",Afrotropic,AF07,"3","42",Nature Could Recover,Lusaka,"10","7"
Zambezian flooded grasslands,Flooded Grasslands & Savannas,Afrotropic,AF09,"1","76",Half Protected,Lusaka,"12","9"
Victoria Basin forest-savanna,"Tropical & Subtropical Grasslands, Savannas & Shrublands",Afrotropic,AF07,"4","61",Nature Imperiled,Kampala,"52","7"
Western Congolian forest-savanna,"Tropical & Subtropical Grasslands, Savannas & Shrublands",Afrotropic,AF07,"4","63",Nature Imperiled,Kinshasa,"38","7"
Arabian-Persian Gulf coastal plain desert,Deserts & Xeric Shrublands,Palearctic,PA13,"2","811",Nature Could Reach Half Protected,Kuwait City,"44","13"
Arabian-Persian Gulf coastal plain desert,Deserts & Xeric Shrublands,Palearctic,PA13,"2","811",Nature Could Reach Half Protected,Dubai,"5","13"
Arabian desert,Deserts & Xeric Shrublands,Palearctic,PA13,"2","809",Nature Could Reach Half Protected,Riyadh,"102","13"
Tocantins/Pindare moist forests,Tropical & Subtropical Moist Broadleaf Forests,Neotropic,NO01,"2","508",Nature Could Reach Half Protected,Belém,"24","1"
Sulawesi lowland rain forests,Tropical & Subtropical Moist Broadleaf Forests,Australasia,AU01,"2","156",Nature Could Reach Half Protected,Makassar,"37","1"
East African montane forests,Tropical & Subtropical Moist Broadleaf Forests,Afrotropic,AF01,"3","8",Nature Could Recover,Nairobi,"18","1"
